{
  "experiment": "fixed_512_naive",
  "chunking": "fixed_512",
  "retrieval": "naive",
  "num_chunks": 6156,
  "hit_rate_3": 0.825,
  "hit_rate_5": 0.85,
  "hit_rate_10": 0.9,
  "mrr": 0.7883333333333333,
  "eval_time_s": 0.8780716759993084,
  "num_queries": 40
}