{
  "experiment": "fixed_2000_hyde",
  "chunking": "fixed_2000",
  "retrieval": "hyde",
  "num_chunks": 1606,
  "hit_rate_3": 0.775,
  "hit_rate_5": 0.8,
  "hit_rate_10": 0.9,
  "mrr": 0.7433630952380953,
  "eval_time_s": 239.8527676799995,
  "num_queries": 40
}