{
  "experiment": "fixed_2000_hyde",
  "chunking": "fixed_2000",
  "retrieval": "hyde",
  "num_chunks": 1606,
  "hit_rate_3": 0.5,
  "hit_rate_5": 0.55,
  "hit_rate_10": 0.6,
  "mrr": 0.4291666666666667,
  "eval_time_s": 125.47802099699993,
  "num_queries": 20
}