{
  "experiment": "fixed_2000_hyde",
  "chunking": "fixed_2000",
  "retrieval": "hyde",
  "num_chunks": 1606,
  "hit_rate_3": 0.8,
  "hit_rate_5": 0.9,
  "hit_rate_10": 0.9,
  "mrr": 0.7920833333333334,
  "eval_time_s": 199.66721933699955,
  "num_queries": 40
}