{
  "experiment": "fixed_1024_naive",
  "chunking": "fixed_1024",
  "retrieval": "naive",
  "num_chunks": 3098,
  "hit_rate_3": 0.425,
  "hit_rate_5": 0.475,
  "hit_rate_10": 0.65,
  "mrr": 0.4116964285714285,
  "eval_time_s": 0.7556430859985994,
  "num_queries": 40
}