{
  "experiment": "fixed_2000_naive",
  "chunking": "fixed_2000",
  "retrieval": "naive",
  "num_chunks": 1606,
  "hit_rate_3": 0.825,
  "hit_rate_5": 0.85,
  "hit_rate_10": 0.9,
  "mrr": 0.8229166666666666,
  "eval_time_s": 0.9104885249998915,
  "num_queries": 40
}