{
  "experiment": "fixed_1024_hyde",
  "chunking": "fixed_1024",
  "retrieval": "hyde",
  "num_chunks": 3098,
  "hit_rate_3": 0.775,
  "hit_rate_5": 0.8,
  "hit_rate_10": 0.85,
  "mrr": 0.6863492063492063,
  "eval_time_s": 271.80000555100014,
  "num_queries": 40
}